rcsouthard,UK
cheshire137,UK
aakksshhaayy,UK
alexcheser,Transy
xLeachimx,Transy
wjlloyd16,Transy
azadams,UK
tdbrandenburg,UK
jillgraeter,Transy
mudrak4,Transy
emilykmartin,Transy
rlj94,Transy
noskillzatall,U of L
CptKrrk,UK
jaredcordell,Transy
mgraft01,Transy
catmvclark,Transy
BurgerWilliams,U of L
MattClarke,UK
karmapolice41,EKU
Sancho1526,U of L
bigbakedbean,WKU
ammitchell19,Transy
drooraleigh,Transy
ebhack17,Transy
astep969,Transy
clurgur,Transy
bccblr,UK
nconway0123,Transy
ryonbean,UK
evankwagner,Transy
atisaac2,Transy
graham117,UK
tdbrandenburg,UK
michaelsoder21,Transy
summasmiff,MICA
cafannin16,Transy
kelsoarr,Transy
jblong18,Transy
NateDogg2mccu,Transy
jgara15,Transy
cekelley16,Transy
dmmccarthy19,Transy
cealotte,Transy
eshanna17,Transy
abnugent,Transy
elperezident,Transy
Dakynne1,Transy
krharris17,Transy
NickJ19,Transy
buldacious,Transy
KatieStuempfle,Transy