alexcheser,Transy
wjlloyd16,Transy
jillgraeter,Transy
mudrak4,Transy
emilykmartin,Transy
rlj94,Transy
jaredcordell,Transy
mgraft01,Transy
catmvclark,Transy
ammitchell19,Transy
drooraleigh,Transy
astep969,Transy
clurgur,Transy
nconway0123,Transy
evankwagner,Transy
atisaac2,Transy
jaredbrewer, Transy
cafannin16,Transy
kelsoarr,Transy
jblong18,Transy
NateDogg2mccu,Transy
jgara15,Transy
cekelley16,Transy
dmmccarthy19,Transy
cealotte,Transy
eshanna17,Transy
abnugent,Transy
elperezident,Transy
Dakynne1,Transy
krharris17,Transy
NickJ19,Transy
buldacious,Transy
KatieStuempfle,Transy
BrandonBailey15, Transy
Leiodes, Transy
ebhack17, Transy
Tipton_A, Transy
giohernandez16, Transy
michaelsoder21, Transy
junchengzhang, Transy
kat_gills, Transy
jillianwalls, Transy
sesanders96, Transy
bbreannaa16, Transy
mijohnston17, Transy
akbotts, Transy
bjmudrak, Transy
trhawkins17, Transy
dritter96, Transy

